<?xml version="1.0" encoding="UTF-8"?>
<metadata xml:lang="es"><Esri><CreaDate>20200610</CreaDate><CreaTime>15500900</CreaTime><ArcGISFormat>1.0</ArcGISFormat><SyncOnce>TRUE</SyncOnce><DataProperties><lineage><Process ToolSource="c:\program files (x86)\arcgis\desktop10.6\ArcToolbox\Toolboxes\Data Management Tools.tbx\CalculateField" Date="20200610" Time="153407">CalculateField "Fuente Termal geogpsperu juansuyo 931381206" contacto "juan.suyo@geogpsperu.com" VB #</Process><Process ToolSource="c:\program files (x86)\arcgis\desktop10.6\ArcToolbox\Toolboxes\Data Management Tools.tbx\CalculateField" Date="20200610" Time="154220">CalculateField "Fuente Termal geogpsperu juansuyo 931381206" descarga "www.geogpsperu.com" VB #</Process></lineage></DataProperties></Esri></metadata>
